date,n_slices,valid_px,flood_px,error
2020-01-02,1,0,0,
2020-01-04,2,1050459,0,
2020-01-05,3,4414,0,
2020-01-09,2,0,0,
2020-02-07,1,0,0,
2020-02-09,2,1050459,212,
2020-02-10,2,0,0,
2020-02-14,2,0,0,
2020-02-17,3,1050459,0,
2020-02-19,1,0,0,
2020-02-21,2,1050459,0,
2020-02-22,3,3954,0,
2020-02-26,2,0,0,
2020-02-29,3,1050459,86,
2020-03-02,1,0,0,
2020-03-04,2,1050459,269,
2020-03-09,2,0,0,
2020-03-12,3,1050459,294,
2020-03-16,2,1050459,0,
2020-03-17,2,0,0,
2020-03-21,2,0,0,
2020-03-24,3,1050459,289,
2020-03-26,1,0,0,
2020-03-28,2,1050459,3251,
2020-03-29,3,3954,0,
2020-04-02,2,0,0,
2020-04-05,3,1050459,169,
2020-04-07,1,0,0,
2020-05-25,1,0,0,
2020-05-27,2,1050459,91,
2020-05-28,3,4582,0,
2020-06-01,3,0,0,
2020-06-04,3,1050459,83,
2020-06-06,1,0,0,
2020-06-08,2,1050459,760,
2020-06-09,3,4582,0,
2020-06-13,3,0,0,
2020-08-19,2,1050459,153,
2020-08-20,3,4427,0,
2020-08-24,3,0,0,
2020-08-27,2,1050459,604,
2020-08-31,2,1050459,159,
2020-09-01,3,4416,0,
2020-09-05,3,0,0,
2020-09-08,3,1050459,578,
2020-09-10,1,0,0,
2020-09-12,2,1050459,112,
2020-09-13,3,4122,0,
2020-09-17,3,0,0,
2020-09-20,3,1050459,556,
2020-09-22,1,0,0,
2020-10-23,3,0,0,
2020-10-26,2,1050459,550,
2020-10-30,2,1050459,0,
2020-10-31,3,4602,0,
2020-11-04,3,0,0,
2020-11-07,3,1050459,480,
2020-11-11,2,1050459,0,
2020-11-12,3,4476,0,
2020-11-16,3,0,0,
2020-11-21,1,0,0,
2020-11-23,2,1050459,0,
2020-11-24,3,4236,0,
2020-11-28,3,0,0,
2020-12-01,3,1050459,484,
2020-12-03,1,0,0,
2021-01-03,3,0,0,
2021-02-01,1,0,0,
2021-02-03,2,1050459,0,
2021-02-04,3,4611,0,
2021-02-08,3,0,0,
2021-02-11,3,1050459,346,
2021-02-13,1,0,0,
2021-05-03,3,0,0,
2021-05-06,3,1050459,125,
2021-05-08,1,0,0,
2021-05-10,2,1050459,5607,
2021-05-11,3,4008,0,
2021-05-15,3,0,0,
2021-05-18,3,1050459,443,
2021-05-20,1,0,0,
2021-05-22,2,1050459,488,
2021-05-23,3,4227,0,
2021-05-27,3,0,0,
2021-05-30,3,1050459,120,
2021-06-01,1,0,0,
2021-06-03,2,1050459,482,
2021-06-04,3,4220,0,
2021-06-08,3,0,0,
2021-06-11,2,1050459,116,
2021-06-13,1,0,0,
2021-06-15,2,1050459,0,
2021-06-16,3,4227,0,
2021-06-20,3,0,0,
2021-06-25,1,0,0,
2021-06-27,2,1050459,0,
2021-06-28,3,4421,0,
2021-07-02,3,0,0,
2021-07-05,2,1050459,116,
2021-07-07,1,0,0,
2021-07-09,2,1050459,0,
2021-07-10,3,4837,0,
2021-07-14,3,0,0,
2021-07-17,3,1025062,41,
2021-07-19,1,0,0,
2021-07-21,2,1050459,0,
2021-07-22,3,4841,0,
2021-07-26,3,0,0,
2021-07-31,1,0,0,
2021-08-02,1,1050459,0,
2021-08-03,3,4707,0,
2021-08-07,3,0,0,
2021-08-10,3,1050459,0,
2021-08-12,1,0,0,
2021-09-12,3,0,0,
2021-09-15,3,1050459,0,
2021-09-17,1,0,0,
2021-09-19,1,1050459,0,
2021-09-20,3,4622,0,
2021-09-24,3,0,0,
2021-09-27,3,1050459,0,
2021-09-29,1,0,0,
2021-10-01,1,1050459,339,
2021-10-06,3,0,0,
2021-10-09,3,1050459,0,
2021-10-11,1,0,0,
2021-10-13,1,1050459,473,
2021-10-14,3,4289,0,
2021-10-18,3,0,0,
2021-10-21,3,1050459,0,
2021-10-23,1,0,0,
2021-10-25,1,1050459,0,
2021-10-26,3,3776,0,
2021-10-30,3,0,0,
2021-11-02,3,1050459,0,
2021-11-04,1,0,0,
2021-11-06,1,1050459,0,
2021-11-07,3,4136,0,
2021-11-11,3,0,0,
2021-11-14,3,1050459,0,
2021-11-18,1,1050459,416,
2021-11-19,3,3976,0,
2021-11-23,3,0,0,
2021-11-26,3,1050459,0,
2021-11-28,1,0,0,
2021-11-30,1,1050459,0,
2021-12-01,3,4298,0,
2021-12-05,3,0,0,
2021-12-08,3,1050459,0,
2021-12-10,1,0,0,
2021-12-12,1,1050459,0,
2021-12-13,3,3981,0,
2021-12-17,3,0,0,
2021-12-20,3,1050459,0,
2021-12-22,1,0,0,
2021-12-24,2,1050459,0,
2021-12-29,3,0,0,
2022-01-03,1,0,0,
2022-01-05,2,1050459,0,
2022-01-10,3,0,0,
2022-01-15,1,0,0,
2022-02-15,3,0,0,
2022-02-20,1,0,0,
2022-02-22,1,1050459,417,
2022-02-27,3,0,0,
2022-03-04,1,0,0,
2022-04-04,3,0,0,
2022-04-09,1,0,0,
2022-04-11,1,1050459,0,
2022-04-16,3,0,0,
2022-04-21,1,0,0,
2022-04-23,2,1050459,867,
2022-04-28,3,0,0,
2022-05-03,1,0,0,
2022-05-05,1,1050459,0,
2022-05-10,3,0,0,
2022-05-15,1,0,0,
2022-06-15,3,0,0,
2022-06-20,1,0,0,
2022-06-27,3,0,0,
2022-07-02,1,0,0,
2022-08-02,3,0,0,
2022-08-07,1,0,0,
2022-08-09,1,1050459,0,
2022-08-14,3,0,0,
2022-08-19,1,0,0,
2022-08-21,1,1050459,2319,
2022-08-26,3,0,0,
2022-08-31,1,0,0,
2022-09-02,1,1050459,873,
2022-09-07,3,0,0,
2022-09-12,1,0,0,
2022-10-13,3,0,0,
2022-10-18,1,0,0,
2022-10-20,2,1050459,109,
2022-10-25,3,0,0,
2022-10-30,1,0,0,
2022-11-01,2,1050459,1009,
2022-11-06,3,0,0,
2022-11-11,1,0,0,
2022-11-13,2,1050459,1166,
2022-11-18,3,0,0,
2022-11-23,1,0,0,
2022-11-25,1,1050459,1073,
2022-11-30,3,0,0,
2022-12-05,1,0,0,
2023-01-05,3,0,0,
2023-01-10,1,0,0,
2023-01-12,2,1050459,511,
2023-01-17,3,0,0,
2023-01-22,1,0,0,
2023-01-24,2,1050459,0,
2023-01-29,3,0,0,
2023-02-03,1,0,0,
2023-02-05,2,1050459,0,
2023-02-10,3,0,0,
2023-02-15,1,0,0,
2023-02-17,2,1050459,147,
2023-02-22,3,0,0,
2023-02-27,1,0,0,
2023-03-01,2,1050459,0,
2023-03-06,3,0,0,
2023-03-11,1,0,0,
2023-03-13,2,1050459,1109,
2023-03-18,3,0,0,
2023-03-23,1,0,0,
2023-03-25,2,1050459,4212,
2023-03-30,3,0,0,
2023-04-04,1,0,0,
2023-04-06,2,1050459,3576,
2023-04-11,3,0,0,
2023-04-16,1,0,0,
2023-04-18,1,1050459,712,
2023-04-23,3,0,0,
2023-04-28,1,0,0,
2023-04-30,1,1050459,12213,
2023-05-05,3,0,0,
2023-05-10,1,0,0,
2023-05-12,1,1050459,1231,
2023-05-17,3,0,0,
2023-05-22,1,0,0,
2023-05-24,1,1050459,2173,
2023-05-29,3,0,0,
2023-06-03,1,0,0,
2023-06-05,2,1050459,687,
2023-06-10,3,0,0,
2023-06-15,1,0,0,
2023-06-17,2,1050459,2054,
2023-06-22,3,0,0,
2023-06-27,1,0,0,
2023-06-29,2,1050459,1344,
2023-07-04,3,0,0,
2023-07-09,1,0,0,
2023-07-11,1,1050459,132,
2023-07-16,3,0,0,
2023-07-21,1,0,0,
2023-07-23,2,1050459,295,
2023-07-28,3,0,0,
2023-08-02,1,0,0,
2023-08-04,2,1050459,143,
2023-08-09,3,0,0,
2023-08-14,1,0,0,
2023-08-16,2,1050459,761,
2023-08-21,3,0,0,
2023-08-26,1,0,0,
2023-08-28,2,1050459,2475,
2023-09-02,3,0,0,
2023-09-07,1,0,0,
2023-09-09,2,1050459,1874,
2023-09-14,3,0,0,
2023-09-19,1,0,0,
2023-09-21,2,1050459,2733,
2023-09-26,3,0,0,
2023-10-01,1,0,0,
2023-10-03,2,1050459,716,
2023-10-08,3,0,0,
2023-10-13,1,0,0,
2023-10-15,2,1050459,408,
2023-10-20,3,0,0,
2023-10-25,1,0,0,
2023-11-25,3,0,0,
2023-11-30,1,0,0,
2023-12-02,2,1050459,641,
2023-12-07,3,0,0,
2023-12-12,1,0,0,
2023-12-14,2,1050459,2279,
2023-12-19,3,0,0,
2023-12-24,1,0,0,
2023-12-26,2,1050459,254,
2023-12-31,3,0,0,
2024-01-05,1,0,0,
2024-01-07,2,1050459,2953,
2024-01-12,3,0,0,
2024-01-17,1,0,0,
2024-01-19,2,1050459,1229,
2024-01-24,3,0,0,
2024-01-29,1,0,0,
2024-01-31,2,1050459,3010,
2024-02-05,3,0,0,
2024-02-10,1,0,0,
2024-02-12,2,1050459,410,
2024-02-17,3,0,0,
2024-02-22,1,0,0,
2024-04-17,3,0,0,
2024-04-22,1,0,0,
2024-05-23,3,0,0,
2024-05-28,1,0,0,
2024-07-03,1,0,0,
2024-07-05,2,1050459,444,
2024-07-10,3,0,0,
2024-07-15,1,0,0,
2024-07-17,2,1050459,1372,
2024-07-22,3,0,0,
2024-07-27,1,0,0,
2024-07-29,2,1050459,0,
2024-08-03,3,0,0,
2024-08-08,1,0,0,
2024-08-10,2,1050459,405,
2024-08-15,3,0,0,
2024-08-20,1,0,0,
2024-08-22,2,1050459,1198,
2024-08-27,3,0,0,
2024-09-01,1,0,0,
2024-09-03,2,1050459,499,
2024-09-08,3,0,0,
2024-09-13,1,0,0,
2024-09-15,2,1050459,126,
2024-09-20,3,0,0,
2024-09-25,1,0,0,
2024-09-27,2,1050459,595,
2024-10-02,3,0,0,
2024-10-07,1,0,0,
2024-10-09,2,1050459,646,
2024-10-14,3,0,0,
2024-10-19,1,0,0,
2024-10-21,2,1050459,348,
2024-10-26,3,0,0,
2024-10-31,1,0,0,
2024-11-02,2,1050459,985,
2024-11-07,3,0,0,
2024-11-12,1,0,0,
2024-11-14,2,1050459,2179,
2024-11-19,3,0,0,
2024-11-24,1,0,0,
2024-11-26,2,1050459,2979,
2024-12-01,3,0,0,
2024-12-06,1,0,0,
2025-01-06,3,0,0,
2025-01-11,1,0,0,
2025-01-13,2,1050459,0,
2025-01-18,3,0,0,
2025-01-23,1,0,0,
2025-01-25,2,1050459,1298,
2025-01-30,3,0,0,
2025-02-04,1,0,0,
2025-03-31,3,0,0,
2025-04-05,1,0,0,
2025-05-30,3,0,0,
2025-06-04,1,0,0,
2025-06-06,2,1050459,3019,
2025-06-11,3,0,0,
2025-06-16,1,0,0,
2025-06-18,2,1050459,3225,
2025-06-23,3,0,0,
2025-06-28,1,0,0,
2025-06-30,2,1050459,3079,
2025-07-05,3,0,0,
2025-07-10,1,0,0,
2025-07-12,2,1050459,2902,
2025-07-17,3,0,0,
2025-07-22,1,0,0,
2025-08-22,3,0,0,
2025-08-27,1,0,0,
2025-08-29,2,1050459,1438,
2025-09-03,3,0,0,
2025-09-08,1,0,0,
2025-09-10,2,1050459,2447,
2025-09-15,3,0,0,
2025-09-20,1,0,0,
2025-09-22,2,1050459,1403,
2025-09-27,3,0,0,
2025-10-02,1,0,0,
2025-10-04,2,1050459,2755,
2025-10-09,3,0,0,
2025-10-14,1,0,0,
2025-10-16,2,1050459,2673,
2025-10-21,3,0,0,
2025-10-26,1,0,0,
2025-10-28,2,1050459,2187,
2025-10-29,3,3957,168,
2025-11-02,3,0,0,
2025-11-05,2,1006520,2499,
2025-11-07,1,0,0,
2025-11-09,2,1050459,127,
2025-11-10,3,4073,76,
2025-11-14,3,0,0,
2025-11-17,2,1050459,2608,
2025-11-19,1,0,0,
2025-11-21,2,1050459,694,
2025-11-22,3,4310,0,
2025-11-26,3,0,0,
2025-11-29,2,1050459,2624,
2025-12-01,1,0,0,
2025-12-03,2,1050459,108,
2025-12-04,3,4208,189,
2025-12-08,3,0,0,
2026-01-06,1,0,0,
2026-01-08,2,1050459,0,
2026-01-09,3,4066,206,
2026-01-13,3,0,0,
2026-02-11,1,0,0,
2026-02-13,2,1050459,495,
2026-02-14,3,4365,214,
2026-02-18,3,0,0,
2026-04-07,3,0,0,
2026-04-10,2,1050459,3109,
2026-04-12,1,0,0,
2026-04-14,2,1050459,285,
2026-04-15,3,3992,74,
2026-04-19,3,0,0,
2026-04-22,2,1050459,3088,
2026-04-24,1,0,0,
2026-04-26,2,1050459,3651,
2026-04-27,3,4425,193,
2026-05-01,3,0,0,
2026-05-04,2,1050459,4250,
2026-05-06,1,0,0,
2026-05-08,2,1050459,3183,
2026-05-09,3,4681,225,
2026-05-13,3,0,0,
2026-05-16,2,1050459,3042,
2026-05-18,1,0,0,
2026-05-21,3,4390,224,
2026-05-25,3,0,0,
2026-05-28,2,1050459,3031,
2026-05-30,1,0,0,
2026-06-01,2,1050459,561,
2026-06-02,3,4454,139,
2026-06-06,3,0,0,
2026-06-11,1,0,0,
2026-06-13,2,1050459,2000,
2026-06-15,3,4374,8,
2026-06-18,3,0,0,
2026-06-22,2,1050459,2976,
2026-06-23,1,0,0,
2026-06-25,5,1050459,302,
2026-06-28,2,962279,2863,
2026-06-30,1,0,0,
2026-07-02,2,1050459,356,
2026-07-03,3,3852,225,
2026-07-07,3,0,0,
2026-08-07,2,1050459,2104,
2026-08-08,3,4592,214,
2026-08-12,3,0,0,
2026-08-15,2,1050459,2861,
2026-08-17,1,0,0,
2026-08-19,2,1050459,3322,
2026-08-20,3,4464,163,
2026-08-24,3,0,0,
2026-08-27,2,1050459,2871,
2026-08-29,1,0,0,
2026-08-31,2,1050459,3239,
