sample_set,sample_mode,event_id,scene_date,n_slices,valid_px,flood_px,flood_frac,n_kept,n_kept_flood,n_dropped,n_dropped_flood,n_clay_blank,rain_aoi_3d,rain_aoi_7d,rain_aoi_14d,rain_basin_3d,rain_basin_7d,rain_basin_14d
date-2020-12-01,date_mosaic,date-2020-12-01,2020-12-01,3,1050459,484,0.0004607509669582535,140,70,0,0,9,52.12736544883847,122.42697578946152,164.91364434552275,43.4451679329989,125.136669831586,143.93475378877937
date-2022-08-21,date_mosaic,date-2022-08-21,2022-08-21,1,1050459,2319,0.002207606389207004,140,70,0,0,3,27.017525215087872,64.16478751105396,92.43901996576469,28.008814016596627,87.1030998265691,134.46845793608898
date-2020-03-04,date_mosaic,date-2020-03-04,2020-03-04,2,1050459,269,0.0002560785332887814,140,70,0,0,43,40.511020566170934,73.12709915738586,125.05170650327442,30.505274353979644,57.63470884014482,89.18409959687894
date-2021-10-13,date_mosaic,date-2021-10-13,2021-10-13,1,1050459,473,0.00045027935407283864,140,70,0,0,25,14.449090220736679,32.34358892895984,63.06504173981021,11.546776168577138,33.74163348567723,72.34885465907482
date-2023-08-28,date_mosaic,date-2023-08-28,2023-08-28,2,1050459,2475,0.0023561128992183418,140,70,0,0,64,0,0,0.020002231053895255,0.5177702620536125,0.5741973489856274,1.3555530131317308
date-2025-11-09,date_mosaic,date-2025-11-09,2025-11-09,2,1050459,127,0.0001208995305861533,140,70,0,0,42,11.941626417969935,21.003235772546986,66.15770973294661,12.794384321491654,19.833096806607664,79.61875414927944
date-2026-05-28,date_mosaic,date-2026-05-28,2026-05-28,2,1050459,3031,0.0028854053323356743,140,70,0,0,43,3.2423287731236465,3.8913265370782266,12.85789941352108,3.5060652156926135,4.054605659957711,9.92733519658251
date-2023-10-15,date_mosaic,date-2023-10-15,2023-10-15,2,1050459,408,0.0003884016415681145,140,70,0,0,70,47.81198990081327,71.32146274477972,71.32146274477972,53.47313659517711,72.04299359701506,74.65379817147259
date-2023-07-23,date_mosaic,date-2023-07-23,2023-07-23,2,1050459,295,0.000280829618290671,140,70,0,0,72,1.4950530925923926,1.4950530925923926,1.6616207863593406,1.6092078373563183,2.335233363975368,8.999516150653415
date-2024-01-07,date_mosaic,date-2024-01-07,2024-01-07,2,1050459,2953,0.002811152077330005,140,70,0,0,57,23.934552021645565,43.7299339878129,90.99509391726382,23.425481983505755,42.397432166820124,73.17274419161082
date-2024-09-03,date_mosaic,date-2024-09-03,2024-09-03,2,1050459,499,0.0004750304390747283,140,70,0,0,49,11.643713788325629,14.157678252003915,47.23610313904605,15.479247125185653,18.23922971547006,56.55579097580424
date-2024-01-31,date_mosaic,date-2024-01-31,2024-01-31,2,1050459,3010,0.0028654140713726094,140,70,0,0,58,21.4693368455445,28.171429132624198,39.153504989755035,24.148862724517553,28.787783356728575,40.1181427368567
date-2023-02-17,date_mosaic,date-2023-02-17,2023-02-17,2,1050459,147,0.00013993882674145304,140,70,0,0,69,0,0,4.194504885651319,0.4395692886612873,0.4395692886612873,1.752372342876608
date-2024-09-27,date_mosaic,date-2024-09-27,2024-09-27,2,1050459,595,0.000566419060620167,140,70,0,0,52,7.149128751094183,29.156419400841312,55.222237307478586,4.764617883824786,31.51315049602605,67.63587311660442
date-2020-06-08,date_mosaic,date-2020-06-08,2020-06-08,2,1050459,760,0.0007234932539013898,140,70,0,0,71,39.343977345021415,57.30224729736138,68.06797982441812,38.118976784401745,58.640203931904075,65.21691035012759
date-2026-08-31,date_mosaic,date-2026-08-31,2026-08-31,2,1050459,3239,0.0030834140123507914,140,70,0,0,52,3.7874601486410597,3.7877319321624245,33.19861931042061,5.973182328243622,6.428652479209586,33.413797316400014
date-2024-08-10,date_mosaic,date-2024-08-10,2024-08-10,2,1050459,405,0.00038554574714481953,140,70,0,0,21,19.132735467900776,27.519477454414194,68.49296653860523,20.712004687500503,47.951038653623726,107.83134658810859
date-2021-05-10,date_mosaic,date-2021-05-10,2021-05-10,2,1050459,5607,0.00533766667713828,140,70,0,0,8,59.97844147404638,119.43905081377041,188.24299676093577,67.75633978668229,150.71571233303865,217.62730065520603
date-2021-07-05,date_mosaic,date-2021-07-05,2021-07-05,2,1050459,116,0.00011042791770073844,140,70,0,0,2,9.619224590250445,26.500578426509854,29.012632383595246,18.524242051591905,34.059034007371295,59.336481876639226
date-2025-11-29,date_mosaic,date-2025-11-29,2025-11-29,2,1050459,2624,0.0024979556555753245,140,70,0,0,44,1.1626532235569813,3.169191206406201,7.344996397506534,1.6630424518389264,2.8904845007654414,7.378114132589068
date-2023-05-24,date_mosaic,date-2023-05-24,2023-05-24,1,1050459,2173,0.0020686195272733156,140,70,0,0,61,37.17700569010726,51.89286516792422,84.71781220258465,32.438381239497936,55.625024029902896,84.55309306761694
date-2026-02-13,date_mosaic,date-2026-02-13,2026-02-13,2,1050459,495,0.00047122257984366834,140,70,0,0,35,4.24961143600233,60.103507242880006,105.26452867345009,1.012032583517742,38.16736139528447,69.86840597104555
date-2020-02-09,date_mosaic,date-2020-02-09,2020-02-09,2,1050459,212,0.00020181653924617715,140,70,0,0,45,0,2.2322308881180115,78.13485457178326,0,9.64892330551519,91.91068302548135
date-2026-05-08,date_mosaic,date-2026-05-08,2026-05-08,2,1050459,3183,0.003030103983115952,140,70,0,0,46,31.296845821756982,49.40340535672288,105.63744903386196,38.460502519868804,63.87948445879212,145.60487548325628
date-2021-11-18,date_mosaic,date-2021-11-18,2021-11-18,1,1050459,416,0.0003960173600302344,140,70,0,0,1,4.388763055222693,6.540622730402232,28.138423920302227,1.1267771966261426,2.0424584201715974,27.805851239434613
date-2026-06-13,date_mosaic,date-2026-06-13,2026-06-13,2,1050459,2000,0.001903929615529973,140,70,0,0,42,0,0,41.773416651219854,0,0,52.99046428295445
date-2022-02-22,date_mosaic,date-2022-02-22,2022-02-22,1,1050459,417,0.0003969693248379994,140,70,0,0,52,40.89038114553281,123.61413662564075,143.08438156161796,23.075204377708484,95.88704660981145,109.60833149962696
