sample_set,sample_mode,event_id,scene_date,n_slices,valid_px,flood_px,flood_frac,n_kept,n_kept_flood,n_dropped,n_dropped_flood,n_clay_blank,rain_aoi_3d,rain_aoi_7d,rain_aoi_14d,rain_basin_3d,rain_basin_7d,rain_basin_14d,flood_patches
2020-04,event_peak,2020-04,2020-04-21,1,1050459,9640,0.0091769407468544,500,250,0,0,10,30.982514700595384,79.22442757833547,136.31515457903546,41.976833833545136,93.22805766666669,151.5340347372282,180
2021-04,event_peak,2021-04,2021-04-16,1,1050459,698,0.0006644714358199,500,250,0,0,123,15.965977388988136,48.44567873161526,142.6562437283979,8.80731782936397,47.34846095336206,134.70399802476638,13
2022-05,event_peak,2022-05,2022-05-29,1,1050459,2401,0.0022856675034437,500,250,0,0,22,45.37909878549255,65.86852723630678,88.17152458491788,41.11111471547478,65.32580563115002,90.96787488151747,64
2024-04_05,event_peak,2024-04_05,2024-05-06,1,1050459,4651,0.0044275883209149,500,250,0,0,31,29.98981954776644,61.59234581795781,101.11759000829268,55.26673267625456,101.3548280053982,162.89187874969474,148
2026-03,event_peak,2026-03,2026-03-21,1,1050459,8922,0.0084934300148792,500,250,0,0,50,47.45853333020794,71.59637405167359,123.61283848005348,52.898422176591744,77.84160983427593,117.49277286365675,182
date-2020-01-24,date_mosaic,date-2020-01-24,2020-01-24,3,1050459,0,0.0,40,0,0,0,0,7.150362658833736,16.520565426113723,35.283790081843506,1.6428536530579876,4.946157472905437,13.565597631549087,0
date-2020-05-11,date_mosaic,date-2020-05-11,2020-05-11,3,1050459,951,0.0009053185321845,80,40,0,0,0,14.627240796721996,36.23376987074807,88.54103698441811,19.15194508197301,60.72463738778787,132.1538732727028,32
date-2020-06-28,date_mosaic,date-2020-06-28,2020-06-28,3,1050459,83,7.901307904449389e-05,80,40,0,0,0,6.8834172044560855,22.146114243062183,27.76452634227706,5.109601664191458,18.627875693394365,47.77849468021579,1
date-2020-07-14,date_mosaic,date-2020-07-14,2020-07-14,2,1050459,2081,0.0019810387649589,80,40,0,0,26,3.97149831313332,61.78169644850376,77.54777538138028,3.9611763904538777,55.45361003966946,67.87892673292703,35
date-2020-08-03,date_mosaic,date-2020-08-03,2020-08-03,3,1050459,83,7.901307904449389e-05,80,40,0,0,0,0.0,25.604770383401853,58.36506018719102,0.0328193068446361,33.300853608203,100.53197840201956,1
date-2020-10-06,date_mosaic,date-2020-10-06,2020-10-06,2,1050459,0,0.0,40,0,0,0,0,1.9023102653734345,10.709085320010866,70.36805915874153,6.473055415378437,15.34751859338885,83.93677830850704,0
date-2020-12-17,date_mosaic,date-2020-12-17,2020-12-17,2,1050459,0,0.0,40,0,0,0,0,15.553548498397932,19.86922400051834,40.40840325831535,19.11856930989041,20.762022357575237,30.6006696164386,0
date-2021-01-18,date_mosaic,date-2021-01-18,2021-01-18,3,1050459,744,0.0007082618169771,80,40,0,0,17,0.5041372412436222,18.931301926012228,42.82913506155936,2.0876623585614893,14.515358895276927,32.03951923536085,28
date-2021-02-27,date_mosaic,date-2021-02-27,2021-02-27,2,1050459,0,0.0,40,0,0,0,0,0.0013411858306636,35.04380574284666,64.00434606712273,0.5579739912264661,34.86599164605045,56.69299810464117,0
date-2021-03-23,date_mosaic,date-2021-03-23,2021-03-23,2,1050459,0,0.0,40,0,0,0,0,15.092326423203152,46.72709067972493,55.15090549852574,12.253920926976624,43.41573382751119,45.98558489666863,0
date-2021-08-26,date_mosaic,date-2021-08-26,2021-08-26,1,1050459,0,0.0,40,0,0,0,0,0.0,5.661654606409485,54.09127822591207,0.0021898111970097,5.414067307885144,65.73616650419501,0
date-2022-01-29,date_mosaic,date-2022-01-29,2022-01-29,1,1050459,0,0.0,40,0,0,0,0,1.952964859042096,5.495681691780358,80.22755530854738,0.7597894240979306,6.298148159796039,66.3811487352777,0
date-2022-03-18,date_mosaic,date-2022-03-18,2022-03-18,1,1050459,0,0.0,40,0,0,0,0,7.028722983994222,10.563092438944285,11.708977857728224,4.926003199099802,6.496397382093419,6.860924530605155,0
date-2022-07-16,date_mosaic,date-2022-07-16,2022-07-16,1,1050459,0,0.0,40,0,0,0,0,7.126173794338951,10.716024781272631,10.716024781272631,18.860752919698434,37.08242166741471,37.496830320675215,0
date-2022-09-26,date_mosaic,date-2022-09-26,2022-09-26,2,1050459,94,8.948469192990874e-05,80,40,0,0,40,17.546368297396292,21.64887288176645,57.82215518434425,21.612693533115625,27.79496346643249,63.9928949529002,1
date-2022-12-19,date_mosaic,date-2022-12-19,2022-12-19,2,1050459,1587,0.001510768149923,80,40,0,0,39,14.82659711313192,47.070314592476926,92.57626599524431,8.263783376548103,27.79639164285696,70.87340857288913,29
date-2023-11-08,date_mosaic,date-2023-11-08,2023-11-08,2,1050459,13997,0.0133246514142865,80,40,0,0,11,23.990117994259627,76.01942284198802,108.89745519560904,30.14304032235309,90.13679209491347,127.681156991695,38
date-2024-03-07,date_mosaic,date-2024-03-07,2024-03-07,2,1050459,2638,0.002511283162884,80,40,0,0,31,12.295571649865584,34.11635698012063,94.48413005419192,9.13142220138016,17.941754782375718,83.18224561857937,36
date-2024-03-31,date_mosaic,date-2024-03-31,2024-03-31,2,1050459,3669,0.0034927588796897,80,40,0,0,23,35.39818252381957,55.24471744294773,74.33825229016395,37.12441253666748,57.823028208120014,97.2193705315296,37
date-2024-06-11,date_mosaic,date-2024-06-11,2024-06-11,2,1050459,759,0.0007225412890936,80,40,0,0,19,2.033570087622153,6.497085894708445,34.37394345202185,4.698212650332775,7.765869975039787,26.184669350232813,27
date-2024-12-20,date_mosaic,date-2024-12-20,2024-12-20,3,1050459,942,0.0008967508489146,80,40,0,0,28,28.99610062833437,34.14866946018339,40.09251700346907,16.744585632253735,19.673595223509544,29.367586240507187,31
date-2025-02-18,date_mosaic,date-2025-02-18,2025-02-18,2,1050459,0,0.0,40,0,0,0,0,0.0,4.511308506287296,10.089021941659288,1.990028997185668,3.944678554799264,8.304244742375088,0
date-2025-03-14,date_mosaic,date-2025-03-14,2025-03-14,2,1050459,0,0.0,40,0,0,0,0,14.03632327154435,61.33043005961895,61.33043005961895,16.940735311890027,57.83682357513225,57.83682357513225,0
date-2025-04-19,date_mosaic,date-2025-04-19,2025-04-19,2,1050459,2627,0.0025008115499986,80,40,0,0,28,19.923543857334657,80.93061011037396,140.37844839418034,29.487123929532515,86.17667214654415,136.4333189568232,33
date-2025-05-13,date_mosaic,date-2025-05-13,2025-05-13,2,1050459,9853,0.0093797092509084,80,40,0,0,6,68.45527442425872,144.11161955618607,224.8927823750604,49.07262190891292,128.52795417350944,204.6387559268208,39
date-2025-08-05,date_mosaic,date-2025-08-05,2025-08-05,2,1050459,0,0.0,40,0,0,0,0,0.0,5.031133900699016,10.67516118211713,6.517095478730026,21.84696100791206,44.61317161879137,0
date-2025-12-23,date_mosaic,date-2025-12-23,2025-12-23,2,1050459,2669,0.0025407940719247,80,40,0,0,26,15.333661044434985,58.6871219025502,126.71583267043717,10.331739333337204,48.50841929977882,102.84390745105767,29
date-2026-01-28,date_mosaic,date-2026-01-28,2026-01-28,2,1050459,2923,0.002782593133097,80,40,0,0,25,1.6792893510342202,1.6792893510342202,9.595105441749029,1.9034204480867951,1.9034204480867951,12.79646317433608,36
date-2026-03-05,date_mosaic,date-2026-03-05,2026-03-05,2,1050459,3421,0.003256671607364,80,40,0,0,25,49.24806406889306,93.48796468189072,183.68372260774805,60.984192969126994,94.826091797353,176.48375772116836,35
date-2026-07-22,date_mosaic,date-2026-07-22,2026-07-22,2,1015128,2709,0.0026686289807787,80,40,0,0,19,2.39546357003302,13.254237035378312,41.642885268081486,4.734020837065585,22.9442141972556,56.8769095093413,32
